Sequence,Classification
GTCTACCTCATCAT,nonTFBS
TCTACCTCATCATA,nonTFBS
CTACCTCATCATAA,nonTFBS
TACCTCATCATAAA,nonTFBS
ACCTCATCATAAAT,nonTFBS
CCTCATCATAAATG,nonTFBS
CTCATCATAAATGA,nonTFBS
TCATCATAAATGAA,TFBS
CATCATAAATGAAT,nonTFBS
ATCATAAATGAATA,TFBS
TCATAAATGAATAG,nonTFBS
CATAAATGAATAGT,nonTFBS
ATAAATGAATAGTC,TFBS
TAAATGAATAGTCA,nonTFBS
AAATGAATAGTCAT,nonTFBS
AATGAATAGTCATG,TFBS
ATGAATAGTCATGA,TFBS
TGAATAGTCATGAA,TFBS
GAATAGTCATGAAG,TFBS
AATAGTCATGAAGA,TFBS
ATAGTCATGAAGAC,nonTFBS
TAGTCATGAAGACT,TFBS
AGTCATGAAGACTT,nonTFBS
GTCATGAAGACTTT,nonTFBS
TCATGAAGACTTTG,nonTFBS
CATGAAGACTTTGG,nonTFBS
ATGAAGACTTTGGT,TFBS
TGAAGACTTTGGTT,TFBS
GAAGACTTTGGTTG,TFBS
AAGACTTTGGTTGC,nonTFBS
AGACTTTGGTTGCT,TFBS
GACTTTGGTTGCTT,TFBS
ACTTTGGTTGCTTT,TFBS
CTTTGGTTGCTTTA,nonTFBS
TTTGGTTGCTTTAA,TFBS
TTGGTTGCTTTAAC,nonTFBS
TGGTTGCTTTAACG,nonTFBS
GGTTGCTTTAACGG,nonTFBS
GTTGCTTTAACGGC,nonTFBS
TTGCTTTAACGGCG,TFBS
TGCTTTAACGGCGT,TFBS
GCTTTAACGGCGTT,nonTFBS
CTTTAACGGCGTTG,nonTFBS
TTTAACGGCGTTGT,TFBS
TTAACGGCGTTGTG,nonTFBS
TAACGGCGTTGTGC,TFBS
AACGGCGTTGTGCA,nonTFBS
ACGGCGTTGTGCAA,nonTFBS
CGGCGTTGTGCAAG,TFBS
GGCGTTGTGCAAGG,nonTFBS
GCGTTGTGCAAGGG,nonTFBS
CGTTGTGCAAGGGG,nonTFBS
GTTGTGCAAGGGGA,nonTFBS
TTGTGCAAGGGGAG,nonTFBS
TGTGCAAGGGGAGA,TFBS
GTGCAAGGGGAGAT,nonTFBS
TGCAAGGGGAGATA,nonTFBS
GCAAGGGGAGATAG,nonTFBS
CAAGGGGAGATAGC,TFBS
AAGGGGAGATAGCA,TFBS
AGGGGAGATAGCAT,TFBS
GGGGAGATAGCATC,TFBS
GGGAGATAGCATCA,TFBS
GGAGATAGCATCAA,nonTFBS
GAGATAGCATCAAA,nonTFBS
AGATAGCATCAAAA,TFBS
GATAGCATCAAAAA,nonTFBS
ATAGCATCAAAAAA,TFBS
TAGCATCAAAAAAT,nonTFBS
AGCATCAAAAAATC,nonTFBS
GCATCAAAAAATCG,nonTFBS
CATCAAAAAATCGC,nonTFBS
ATCAAAAAATCGCC,TFBS
TCAAAAAATCGCCA,nonTFBS
CAAAAAATCGCCAC,TFBS
AAAAAATCGCCACT,nonTFBS
AAAAATCGCCACTT,nonTFBS
AAAATCGCCACTTT,nonTFBS
AAATCGCCACTTTG,nonTFBS
AATCGCCACTTTGC,nonTFBS
ATCGCCACTTTGCG,nonTFBS
TCGCCACTTTGCGC,nonTFBS
CGCCACTTTGCGCA,nonTFBS
GCCACTTTGCGCAG,TFBS
CCACTTTGCGCAGG,nonTFBS
CACTTTGCGCAGGA,nonTFBS
ACTTTGCGCAGGAA,nonTFBS
CTTTGCGCAGGAAT,nonTFBS
TTTGCGCAGGAATG,nonTFBS
TTGCGCAGGAATGG,nonTFBS
TGCGCAGGAATGGA,nonTFBS
GCGCAGGAATGGAG,nonTFBS
CGCAGGAATGGAGC,nonTFBS
GCAGGAATGGAGCG,nonTFBS
CAGGAATGGAGCGA,nonTFBS
AGGAATGGAGCGAA,nonTFBS
GGAATGGAGCGAAA,nonTFBS
GAATGGAGCGAAAG,nonTFBS
AATGGAGCGAAAGG,TFBS
ATGGAGCGAAAGGG,nonTFBS
TGGAGCGAAAGGGA,TFBS
GGAGCGAAAGGGAT,nonTFBS
GAGCGAAAGGGATG,nonTFBS
AGCGAAAGGGATGA,nonTFBS
GCGAAAGGGATGAA,nonTFBS
CGAAAGGGATGAAA,nonTFBS
GAAAGGGATGAAAA,nonTFBS
AAAGGGATGAAAAA,nonTFBS
AAGGGATGAAAAAT,nonTFBS
AGGGATGAAAAATC,nonTFBS
GGGATGAAAAATCA,nonTFBS
GGATGAAAAATCAA,nonTFBS
GATGAAAAATCAAC,nonTFBS
ATGAAAAATCAACA,nonTFBS
TGAAAAATCAACAA,nonTFBS
GAAAAATCAACAAA,nonTFBS
AAAAATCAACAAAC,TFBS
AAAATCAACAAACA,nonTFBS
AAATCAACAAACAG,TFBS
AATCAACAAACAGA,TFBS
ATCAACAAACAGAA,nonTFBS
TCAACAAACAGAAA,nonTFBS
CAACAAACAGAAAA,nonTFBS
AACAAACAGAAAAA,nonTFBS
ACAAACAGAAAAAA,TFBS
CAAACAGAAAAAAG,nonTFBS
AAACAGAAAAAAGA,nonTFBS
AACAGAAAAAAGAT,nonTFBS
ACAGAAAAAAGATC,nonTFBS
CAGAAAAAAGATCC,nonTFBS
AGAAAAAAGATCCA,nonTFBS
GAAAAAAGATCCAA,nonTFBS
AAAAAAGATCCAAA,nonTFBS
AAAAAGATCCAAAA,TFBS
AAAAGATCCAAAAA,nonTFBS
AAAGATCCAAAAAA,nonTFBS
AAGATCCAAAAAAC,nonTFBS
AGATCCAAAAAACG,nonTFBS
GATCCAAAAAACGC,nonTFBS
ATCCAAAAAACGCT,nonTFBS
TCCAAAAAACGCTT,nonTFBS
CCAAAAAACGCTTG,nonTFBS
CAAAAAACGCTTGT,nonTFBS
AAAAAACGCTTGTG,nonTFBS
AAAAACGCTTGTGC,TFBS
AAAACGCTTGTGCA,nonTFBS
AAACGCTTGTGCAA,nonTFBS
AACGCTTGTGCAAA,nonTFBS
ACGCTTGTGCAAAA,nonTFBS
CGCTTGTGCAAAAA,nonTFBS
GCTTGTGCAAAAAA,nonTFBS
CTTGTGCAAAAAAA,TFBS
TTGTGCAAAAAAAT,TFBS
TGTGCAAAAAAATG,TFBS
GTGCAAAAAAATGG,nonTFBS
TGCAAAAAAATGGG,TFBS
GCAAAAAAATGGGA,TFBS
CAAAAAAATGGGAT,TFBS
AAAAAAATGGGATC,nonTFBS
AAAAAATGGGATCC,nonTFBS
AAAAATGGGATCCC,nonTFBS
AAAATGGGATCCCT,nonTFBS
AAATGGGATCCCTA,nonTFBS
AATGGGATCCCTAT,nonTFBS
ATGGGATCCCTATA,nonTFBS
TGGGATCCCTATAA,nonTFBS
GGGATCCCTATAAT,TFBS
GGATCCCTATAATG,nonTFBS
GATCCCTATAATGC,nonTFBS
ATCCCTATAATGCG,nonTFBS
TCCCTATAATGCGC,nonTFBS
CCCTATAATGCGCC,nonTFBS
CCTATAATGCGCCT,nonTFBS
CTATAATGCGCCTC,nonTFBS
TATAATGCGCCTCC,nonTFBS
ATAATGCGCCTCCA,nonTFBS
TAATGCGCCTCCAT,nonTFBS
AATGCGCCTCCATC,TFBS
ATGCGCCTCCATCG,nonTFBS
TGCGCCTCCATCGA,nonTFBS
GCGCCTCCATCGAC,nonTFBS
CGCCTCCATCGACA,nonTFBS
GCCTCCATCGACAC,nonTFBS
CCTCCATCGACACG,nonTFBS
CTCCATCGACACGG,nonTFBS
TCCATCGACACGGC,nonTFBS
CCATCGACACGGCG,nonTFBS
CATCGACACGGCGG,nonTFBS
ATCGACACGGCGGA,TFBS
